"StuID","Reason","LastUpdatedDate"
"230","LOST","2013-10-02 00:00:00"
"231","RENEWAL OF DL","2013-10-02 00:00:00"
"247","CONVERT TO SMART CARD.","2013-10-10 00:00:00"
"265","CSC + REN","2013-10-17 00:00:00"
"270","C S C + REN + COA","2013-10-18 00:00:00"
"274","CONVERT TO SMART CARD","2013-10-19 00:00:00"
"275","CONVER TO SMART CARD","2013-10-19 00:00:00"
"276","CONVER TO SMART CARD","2013-10-19 00:00:00"
"283","CONVERT TO SMART CARD + C.O.A+ REN","2013-10-22 00:00:00"
"287","CSC","2013-10-23 00:00:00"
"291","CSC +REN","2013-10-25 00:00:00"
"293","REN + CSC","2013-10-26 00:00:00"
"297","REN  +   C S C","2013-10-26 00:00:00"
"298","REN + CSC + COA","2013-10-26 00:00:00"
"301","CSC + REN","2013-10-28 00:00:00"
"306","CSC","2013-10-29 00:00:00"
"324","CSC","2013-11-05 00:00:00"
"336","CSC + COA","2013-11-09 00:00:00"
"337","CSC+COA","2013-11-11 00:00:00"
"338","CSC +_CON","2013-11-09 00:00:00"
"353","CSC+REN","2013-11-13 00:00:00"
"372","CSC","2013-11-23 00:00:00"
"373","CSC+REN","2013-11-26 00:00:00"
"378","CSC+REN","2013-11-26 00:00:00"
"383","CSC","2013-11-28 00:00:00"
"384","CSC","2013-11-28 00:00:00"
"390","CSC+REN","2013-12-03 00:00:00"
"396","CSC+REN","2013-12-04 00:00:00"
"416","CSC+REN","2013-12-09 00:00:00"
"422","CSC+REN","2013-12-09 00:00:00"
"445","CSC +REN","2013-12-14 00:00:00"
"446","CSC + REN +COA","2013-12-14 00:00:00"
"449","CSC + REN","2013-12-14 00:00:00"
"450","CSC + REN","2013-12-14 00:00:00"
"455","DUP","2013-12-16 00:00:00"
"462","CSC + REN","2013-12-17 00:00:00"
"465","CSC + REN","2013-12-17 00:00:00"
"485","CSC+ REN","2013-12-25 00:00:00"
"490","CSC","2013-12-26 00:00:00"
"493","CSC + REN","2013-12-26 00:00:00"
"497","CSC +REN","2013-12-30 00:00:00"
"502","CSC","2013-12-30 00:00:00"
"503","CSC","2013-12-30 00:00:00"
"504","CSC","2014-01-18 00:00:00"
"509","CSC + REN","2014-01-01 00:00:00"
"512","CSC + REN","2014-01-02 00:00:00"
"516","CSC","2014-01-02 00:00:00"
"517","CSC + REN","2014-01-03 00:00:00"
"527","CSC","2014-01-04 00:00:00"
"535","CSC + REN + COA","2014-01-07 00:00:00"
"543","CSC","2014-01-08 00:00:00"
"544","CSC + REN","2014-01-08 00:00:00"
"555","CSC +REN","2014-01-09 00:00:00"
"572","CSC +RENEWAL","2014-01-13 00:00:00"
"584","CXSC + REN","2014-01-15 00:00:00"
"589","CSC","2014-01-16 00:00:00"
"594","CSC + REN","2014-01-18 00:00:00"
"602","CSC + REN","2014-01-20 00:00:00"
"632","CSC =+ REN","2014-01-28 00:00:00"
"644","CSC + REN","2014-01-30 00:00:00"
"645","CSC","2014-01-30 00:00:00"
"653","CSC","2014-01-30 00:00:00"
"668","CSC + REN","2014-02-04 00:00:00"
"679","CSC","2014-02-07 00:00:00"
"695","CSC + REN","2014-02-11 00:00:00"
"696","CSC + REN","2014-02-12 00:00:00"
"709","CSC","2014-02-17 00:00:00"
"727","CSC","2014-02-25 00:00:00"
"730","CSC + REN","2014-02-25 00:00:00"
"738","CSC + REN","2014-03-06 00:00:00"
"741","CSC + REN","2014-03-01 00:00:00"
"747","CSC + REN","2014-03-03 00:00:00"
"748","CSC + REN","2014-03-03 00:00:00"
"751","CSC","2014-03-03 00:00:00"
"752","CSC + REN","2014-03-03 00:00:00"
"759","CSC + REN","2014-03-08 00:00:00"
"812","CSC","2014-03-26 00:00:00"
"813","CSC + REN","2014-03-27 00:00:00"
"815","CSC + REN","2014-03-27 00:00:00"
"816","CSC + REN","2014-03-27 00:00:00"
"825","CSC + REN","2014-04-02 00:00:00"
"826","CSC + REN","2014-04-02 00:00:00"
"833","CSC + REN","2014-04-07 00:00:00"
"834","CSC + REN","2014-04-07 00:00:00"
"855","CSC + REN","2014-04-14 00:00:00"
"856","CSC + REN","2014-04-14 00:00:00"
"857","CSC + REN","2014-04-14 00:00:00"
"876","CSC","2014-04-26 00:00:00"
"878","CSC+REN","2014-04-28 00:00:00"
"889","CSC + REN","2014-05-01 00:00:00"
"913","CSC","2014-05-07 00:00:00"
"917","CSC + REN","2014-05-14 00:00:00"
"918","CSC","2014-05-14 00:00:00"
"921","SCS + REN","2014-05-19 00:00:00"
"922","CSC + REN + COA","2014-05-19 00:00:00"
"923","CSC + REN","2014-05-19 00:00:00"
"926","CSC + REN +COA","2014-05-20 00:00:00"
"951","C S C + RENWAL","2014-05-22 00:00:00"
"952","CSC + REN","2014-05-23 00:00:00"
"958","CSC","2014-05-28 00:00:00"
"961","CSC","2014-05-28 00:00:00"
"962","CSC + COA + REN","2014-05-28 00:00:00"
"963","CSC","2014-05-29 00:00:00"
"964","CSC+ REN","2014-05-29 00:00:00"
"965","CSC + REN +COA","2014-05-29 00:00:00"
"966","CSC + REN","2014-05-30 00:00:00"
"969","CSC + REN","2014-05-31 00:00:00"
"986","COS + COA","2014-06-02 00:00:00"
"994","CSC + COA","2014-06-04 00:00:00"
"1002","CSC + REN","2014-06-12 00:00:00"
"1003","CSC + COA + CON","2014-06-12 00:00:00"
"1014","CSC + REN","2014-06-13 00:00:00"
"1015","CSC + REN","2014-06-14 00:00:00"
"1017","CSC + REN","2014-06-14 00:00:00"
"1022","CSC + REN","2014-06-17 00:00:00"
"1023","CSC","2014-06-18 00:00:00"
"1024","C SC ","2014-06-18 00:00:00"
"1025","C S C + REN +COA","2014-06-18 00:00:00"
"1038","CSC + REN + COA","2014-06-21 00:00:00"
"1040","CSC + REN","2014-06-24 00:00:00"
"1041","CSC  +  REN","2014-06-24 00:00:00"
"1042","CSC + REN + COA","2014-06-25 00:00:00"
"1043","NOC + DUP","2014-06-26 00:00:00"
"1073","CSC + REN","2014-07-04 00:00:00"
"1075","CSC +REN","2014-07-05 00:00:00"
"1076","CSC + COA +COS","2014-07-05 00:00:00"
"1077","CSC + REN","2014-07-05 00:00:00"
"1081","CSC + REN","2014-07-07 00:00:00"
"1083","CSC","2014-07-08 00:00:00"
"1084","CSC","2014-07-08 00:00:00"
"1085","CSC","2014-07-08 00:00:00"
"1090","CSC + RENWAL","2014-07-09 00:00:00"
"1094","CSC + REN","2014-07-10 00:00:00"
"1095","CSC = REN","2014-07-11 00:00:00"
"1096","CSC + REN","2014-07-11 00:00:00"
"1097","CSC + REN","2014-07-11 00:00:00"
"1098","CSC + REN","2014-07-12 00:00:00"
"1103","CSC + REN + COA","2014-07-14 00:00:00"
"1104","CSC + COA = REN","2014-07-15 00:00:00"
"1111","CSC + REN","2014-07-16 00:00:00"
"1115","CSC","2014-07-17 00:00:00"
"1118","CSC + REN","2014-07-18 00:00:00"
"1119","CSC + COA","2014-07-19 00:00:00"
"1120","CSC + COA","2014-07-19 00:00:00"
"1122","CSC + REN","2014-07-19 00:00:00"
"1123","CSC + REN","2014-07-21 00:00:00"
"1129","CSC + CON+COA","2014-07-22 00:00:00"
"1130","CSC + REN","2014-07-23 00:00:00"
"1137","CSC + REN","2014-07-24 00:00:00"
"1139","CSC + REN + COA","2014-07-26 00:00:00"
"1140","CSC + REN","2014-07-26 00:00:00"
"1141","CSC + REN","2014-07-26 00:00:00"
"1142","CSC + REN","2014-07-26 00:00:00"
"1143","CSC  +  REN","2014-07-26 00:00:00"
"1149","CSC +  REN","2014-07-29 00:00:00"
"1150","CSC + REN","2014-07-29 00:00:00"
"1151","CSC + REN","2014-07-29 00:00:00"
"1157","CSC + COA","2014-08-02 00:00:00"
"1159","CSC + REN","2014-08-04 00:00:00"
"1160","CSC + REN","2014-08-04 00:00:00"
"1161","CSC + REN","2014-08-04 00:00:00"
"1162","CSC + COA + REN","2014-08-04 00:00:00"
"1163","CSC + REN","2014-08-05 00:00:00"
"1164","CSC + REN","2014-08-05 00:00:00"
"1165","CSC + REN","2014-08-05 00:00:00"
"1169","CSC + REN + COA","2014-08-05 00:00:00"
"1171","CSC + REN","2014-08-06 00:00:00"
"1173","CSC + REN + COA","2014-08-06 00:00:00"
"1174","CSC","2014-08-06 00:00:00"
"1175","CSC + REN","2014-08-07 00:00:00"
"1176","CSC + COA","2014-08-07 00:00:00"
"1177","CSC + REN","2014-08-07 00:00:00"
"1180","CSC + REN + COA + CON + COS","2014-08-08 00:00:00"
"1181","CSC + REN","2014-08-09 00:00:00"
"1184","CSC + REN","2014-08-09 00:00:00"
"1185","CSC","2014-08-09 00:00:00"
"1187","CSC + REN","2014-08-11 00:00:00"
"1188","CSC  + REN","2014-08-12 00:00:00"
"1189","CSC + COA","2014-08-12 00:00:00"
"1194","CSC  +  REN","2014-08-14 00:00:00"
"1197","CSC + REN + COA","2014-08-19 00:00:00"
"1198","CSC + REN","2014-08-19 00:00:00"
"1199","CSC + REN","2014-08-21 00:00:00"
"1204","CSC + REN","2014-08-19 00:00:00"
"1205","CSC + REN + COA","2014-08-20 00:00:00"
"1206","CSC + REN + C.O.A","2014-08-20 00:00:00"
"1207","CSC","2014-08-20 00:00:00"
"1208","CSC + REN","2014-08-20 00:00:00"
"1209","CSC + REN","2014-08-20 00:00:00"
"1210","CSC + REN","2014-08-20 00:00:00"
"1213","CSC + REN","2014-08-21 00:00:00"
"1215","CSC + COA + REN","2014-08-21 00:00:00"
"1218","CSC + REN","2014-08-25 00:00:00"
"1219","CSC + REN","2014-08-26 00:00:00"
"1223","CSC + REN","2014-08-27 00:00:00"
"1225","CSC + REN","2014-08-29 00:00:00"
"1226","CSC + REN","2014-08-29 00:00:00"
"1232","CSC","2014-09-01 00:00:00"
"1235","CSC + REN","2014-09-04 00:00:00"
"1240","CSC + REN","2014-09-09 00:00:00"
"1241","CSC + REN","2014-09-09 00:00:00"
"1242","CSC + COA + REN","2014-09-11 00:00:00"
"1249","CSC +REN","2014-09-13 00:00:00"
"1250","CSC + REN","2014-09-13 00:00:00"
"1251","CSC + COA+ REN","2014-09-13 00:00:00"
"1255","CSC + REN","2014-09-15 00:00:00"
"1256","CSC + REN","2014-09-15 00:00:00"
"1257","CSC + REN","2014-09-15 00:00:00"
"1259","CSC + REN","2014-09-16 00:00:00"
"1260","CSC + REN ","2014-09-19 00:00:00"
"1261","CSC + REN","2014-09-19 00:00:00"
"1262","CSC + REN","2014-09-20 00:00:00"
"1263","CSC + REN","2014-09-19 00:00:00"
"1264","CSC + REN","2014-09-19 00:00:00"
"1266","CSC","2014-09-19 00:00:00"
"1267","CSC+ REN","2014-09-19 00:00:00"
"1279","CSC","2014-09-19 00:00:00"
"1280","CSC+ REN + COA","2014-09-20 00:00:00"
"1281","CSC + REN + COA","2014-09-20 00:00:00"
"1282","CSC + REN","2014-09-20 00:00:00"
"1283","CSC + REN","2014-09-20 00:00:00"
"1284","CSC + REN","2014-09-20 00:00:00"
"1286","CSC+ REN","2014-09-20 00:00:00"
"1287","CSC + REN","2014-09-20 00:00:00"
"1290","CSC","2014-09-22 00:00:00"
"1291","CSC + COA + CON","2014-09-22 00:00:00"
"1293","CSC + REN","2014-09-23 00:00:00"
"1294","CSC + COA","2014-09-24 00:00:00"
"1295","CSC + REN","2014-09-24 00:00:00"
"1300","CSC + REN","2014-09-27 00:00:00"
"1302","CSC + REN","2014-09-27 00:00:00"
"1303","CSC","2014-09-30 00:00:00"
"1304","CSC + REN","2014-09-30 00:00:00"
"1309","CSC+ REN +COA","2014-09-30 00:00:00"
"1321","C S C  +  REN","2014-10-09 00:00:00"
"1322","C S C + REN +COA","2014-10-22 00:00:00"
"1328","CSC","2014-10-11 00:00:00"
"1329","REN + CSC","2014-10-11 00:00:00"
"1342","CSC + REN + COA","2014-10-14 00:00:00"
"1343","CSC + REN","2014-10-14 00:00:00"
"1345","CSC + REN","2014-10-14 00:00:00"
"1346","CSC+COA+REN","2014-10-15 00:00:00"
"1357","CSC + REN","2014-10-18 00:00:00"
"1358","CSC + REN + COA","2014-10-18 00:00:00"
"1359","CSC + REN","2014-10-18 00:00:00"
"1360","CSC +  REN + COA","2014-10-18 00:00:00"
"1361","CSC + REN","2014-10-18 00:00:00"
"1365","CSC + REN","2014-10-20 00:00:00"
"1370","CSC + REN + COA","2014-10-21 00:00:00"
"1371","CSC + REN","2014-10-21 00:00:00"
"1373","CSC + REN","2014-10-21 00:00:00"
"1374","CSC + REN","2014-10-21 00:00:00"
"1375","CSC + REN","2014-10-22 00:00:00"
"1376","CSC + REN","2014-10-22 00:00:00"
"1377","CSC","2014-10-22 00:00:00"
"1378","CSC + REN","2014-10-22 00:00:00"
"1379","CSC","2014-10-23 00:00:00"
"1381","CSC + REN","2014-10-23 00:00:00"
"1382","CSC + CON + COA+ REN","2014-10-23 00:00:00"
"1383","CSC","2014-10-27 00:00:00"
"1391","CSC + REN","2014-10-28 00:00:00"
"1393","CSC","2014-10-29 00:00:00"
"1394","CSC + REN","2014-10-29 00:00:00"
"1395","CSC + REN","2014-10-30 00:00:00"
"1396","CSC + COA +REN","2014-10-30 00:00:00"
"1397","CSC + REN","2014-10-30 00:00:00"
"1402","CSC + REN + COA","2014-11-01 00:00:00"
"1403","CSC + REN","2014-11-01 00:00:00"
"1406","CSC + REN","2014-11-03 00:00:00"
"1407","CSC","2014-11-03 00:00:00"
"1408","CSC +COA","2014-11-03 00:00:00"
"1409","CSC +COA+REN","2014-11-03 00:00:00"
"1411","CSC + REN","2014-11-03 00:00:00"
"1416","CSC","2014-11-04 00:00:00"
"1417","CSC + REN","2014-11-05 00:00:00"
"1422","CSC + REN","2014-11-06 00:00:00"
"1423","CSC + REN","2014-11-08 00:00:00"
"1424","CSC + REN","2014-11-08 00:00:00"
"1425","CSC + REN","2014-11-08 00:00:00"
"1426","CSC + REN","2014-11-08 00:00:00"
"1427","CSC + REN","2014-11-08 00:00:00"
"1428","CSC + REN","2014-11-08 00:00:00"
"1429","CSC + REN","2014-11-08 00:00:00"
"1430","CSC + REN","2014-11-08 00:00:00"
"1439","CSC + REN","2014-11-10 00:00:00"
"1441","CSC","2014-11-11 00:00:00"
"1442","CSC + REN","2014-11-11 00:00:00"
"1443","CSC +REN +COA","2014-11-11 00:00:00"
"1444","CSC","2014-11-11 00:00:00"
"1446","CSC","2014-11-11 00:00:00"
"1448","CSC + REN","2014-11-12 00:00:00"
"1453","CSC+COA+ REN","2014-11-12 00:00:00"
"1454","CSC + REN","2014-11-12 00:00:00"
"1455","CSC + REN","2014-11-12 00:00:00"
"1458","CSC+REN+COA","2014-11-13 00:00:00"
"1466","COA + RENEWAL","2014-11-14 00:00:00"
"1468","CSC + REN","2014-11-15 00:00:00"
"1474","CSC + REN","2014-11-17 00:00:00"
"1480","CSC +REN +COA","2014-11-18 00:00:00"
"1483","CSC+REN+COA","2014-11-18 00:00:00"
"1486","CSC+ REN +COA","2014-11-19 00:00:00"
"1489","CSC + COA + REN","2014-11-20 00:00:00"
"1497","COV+REV","2014-11-22 00:00:00"
"1498","CSC+REN","2014-11-22 00:00:00"
"1500","CSC","2014-11-22 00:00:00"
"1501","CSC + REN","2014-11-22 00:00:00"
"1508","CSC + REN","2014-11-24 00:00:00"
"1511","CSC + REN","2014-11-25 00:00:00"
"1512","CSC + REN","2014-11-25 00:00:00"
"1518","CSC","2014-11-26 00:00:00"
"1519","CSC + REN","2014-11-26 00:00:00"
"1520","CSC+REN","2014-11-26 00:00:00"
"1526","CSC + REN","2014-11-27 00:00:00"
"1532","CSC + REN","2014-11-29 00:00:00"
"1533","CSC + REN","2014-11-29 00:00:00"
"1536","CSC + REN","2014-12-01 00:00:00"
"1538","CSC + REN","2014-12-01 00:00:00"
"1540","CSC + REN + COA","2014-12-01 00:00:00"
"1542","CSC+COA+REN","2014-12-02 00:00:00"
"1543","CSC + REN","2014-12-02 00:00:00"
"1579","CSC+REN","2014-12-10 00:00:00"
"1580","CSC+REN","2014-12-10 00:00:00"
"1590","CSC +  REN","2014-12-12 00:00:00"
"1604","CSC + REN","2014-12-16 00:00:00"
"1605","CSC + REN + COA","2014-12-16 00:00:00"
"1606","CSC","2014-12-16 00:00:00"
"1607","CSC + REN","2014-12-16 00:00:00"
"1609","CSC","2014-12-16 00:00:00"
"1611","CSC + REN","2014-12-16 00:00:00"
"1615","CSC + REN","2014-12-17 00:00:00"
"1627","CSC + REN","2014-12-20 00:00:00"
"1630","COS+REN+COA","2014-12-20 00:00:00"
"1632","COS+COA","2014-12-23 00:00:00"
"1633","CSC+COA+REN","2014-12-23 00:00:00"
"1646","CSC+REN","2014-12-29 00:00:00"
"1649","CSC+REN","2014-12-30 00:00:00"
"1651","CSC + REN","2014-12-30 00:00:00"
"1659","COA + CSC","2015-01-02 00:00:00"
"1677","CSC + REN","2021-01-14 00:00:00"
"1678","CSC + REN","2015-01-06 00:00:00"
"1679","CSC + REN","2015-01-06 00:00:00"
"1682","CSC + REN + COA","2015-01-06 00:00:00"
"1687","CSC + REN + COA","2015-01-07 00:00:00"
"1693","CSC + REN + COA","2015-01-09 00:00:00"
"1694","CSC+REN","2015-01-10 00:00:00"
"1695","CSC+REN","2015-01-10 00:00:00"
"1696","CSC + REN","2015-01-10 00:00:00"
"1701","CSC+REN+COA","2015-01-12 00:00:00"
"1704","CSC + REN","2015-01-13 00:00:00"
"1706","CSC + REN","2015-01-13 00:00:00"
"1709","CSC + REN","2015-01-13 00:00:00"
"1710","CSC +REN","2015-01-13 00:00:00"
"1715","CSC + REN","2015-01-16 00:00:00"
"1716","CSC + REN","2015-01-16 00:00:00"
"1717","CSC + REN","2015-01-17 00:00:00"
"1754","CSC +COA","2015-01-29 00:00:00"
"1755","CSC+REN","2015-01-31 00:00:00"
"1756","CSC","2015-01-31 00:00:00"
"1757","CSC + REN","2015-01-31 00:00:00"
"1758","CSC + CON + COS","2015-01-31 00:00:00"
"1759","CSC +  REN","2015-01-31 00:00:00"
"1762","CSC + REN","2015-01-31 00:00:00"
"1763","CSC + REN","2015-01-31 00:00:00"
"1766","CSC + REN","2015-01-31 00:00:00"
"1767","CSC","2015-01-31 00:00:00"
"1768","CSC + COA","2015-02-02 00:00:00"
"1769","CSC + REN","2015-02-02 00:00:00"
"1771","CSC + REN","2015-02-02 00:00:00"
"1773","CSC + REN","2015-02-03 00:00:00"
"1805","CSC + REN","2015-02-10 00:00:00"
"1817","CSC + REN","2015-02-20 00:00:00"
"1820","CSC","2015-02-17 00:00:00"
"1821","CSC + REN","2015-02-17 00:00:00"
"1822","CSC + REN + COA","2015-02-18 00:00:00"
"1824","CSC + REN","2015-02-18 00:00:00"
"1830","CSC","2015-02-19 00:00:00"
"1831","CSC + REN","2015-02-19 00:00:00"
"1834","CSC + REN","2015-02-20 00:00:00"
"1835","CSC + REN","2015-02-20 00:00:00"
"1839","CSC + REN","2015-02-20 00:00:00"
"1840","CSC + REN","2015-02-20 00:00:00"
"1841","CSC + COA +REN","2015-02-21 00:00:00"
"1842","CSC + REN","2015-02-21 00:00:00"
"1843","REN + CSC","2015-02-21 00:00:00"
"1844","REN + CSC","2015-02-21 00:00:00"
"1845","REN + CSC","2015-02-21 00:00:00"
"1850","CSC + REN","2015-02-24 00:00:00"
"1852","CSC + COA + REN","2015-02-25 00:00:00"
"1853","CSC +REN","2015-02-25 00:00:00"
"1854","CSC + REN","2015-02-25 00:00:00"
"1855","CSC + REN","2015-02-25 00:00:00"
"1863","REN + CSC","2015-02-28 00:00:00"
"1864","REN +  CSC","2015-02-28 00:00:00"
"1869","CS + REN","2015-03-03 00:00:00"
"1870","CSC + REN","2015-03-03 00:00:00"
"1871","CSC + REN + COA","2015-03-03 00:00:00"
"1872","CSC + REN","2015-03-04 00:00:00"
"1873","CSC  + REN","2015-03-04 00:00:00"
"1877","CSC","2015-03-05 00:00:00"
"1883","CSC + REN + COA","2015-03-10 00:00:00"
"1886","CSC","2015-03-11 00:00:00"
"1887","CSC + REN","2015-03-11 00:00:00"
"1888","CSC + REN","2015-03-11 00:00:00"
"1889","CSC + REN","2015-03-11 00:00:00"
"1894","CSC + REN","2015-03-12 00:00:00"
"1896","CSC + REN + COA","2015-03-12 00:00:00"
"1900","CSC + REN","2015-03-13 00:00:00"
"1906","CSC+REN","2015-04-03 00:00:00"
"1910","CSC + REN","2015-03-18 00:00:00"
"1913","CSC + REN","2015-03-20 00:00:00"
"1914","CSC + REN + COA","2015-03-20 00:00:00"
"1917","CSC + REN + COA","2015-03-20 00:00:00"
"1918","CSC + REN","2015-03-21 00:00:00"
"1919","CSC+REN+COA","2015-03-21 00:00:00"
"1921","CSC+COA","2015-03-23 00:00:00"
"1923","CSC + REN","2015-03-23 00:00:00"
"1924","CSC + REN","2015-03-23 00:00:00"
"1934","CSC + REN + COA","2015-03-26 00:00:00"
"1938","NOC+REN+COA","2015-03-27 00:00:00"
"1946","CSC + REN","2015-04-02 00:00:00"
"1948","CSC + REN","2015-04-02 00:00:00"
"1955","CSC + REN","2015-04-03 00:00:00"
"1958","CSC + REN + COA","2015-04-04 00:00:00"
"1962","CSC + REN","2015-04-06 00:00:00"
"1967","CSC + REN","2015-04-06 00:00:00"
"1968","CSC + REN","2015-04-06 00:00:00"
"1969","CSC+REN","2015-04-07 00:00:00"
"1970","CSC+REN","2015-04-07 00:00:00"
"1971","CSC + REN","2015-04-07 00:00:00"
"1972","CSC + REN","2015-04-07 00:00:00"
"1973","CSC + REN","2015-04-07 00:00:00"
"1974","CSC","2015-04-07 00:00:00"
"1975","CSC + REN","2015-04-07 00:00:00"
"1977","CSC+REN","2015-04-08 00:00:00"
"1979","CSC +REN","2015-04-07 00:00:00"
"1982","CSC+REN","2015-04-08 00:00:00"
"1985","CSC+REN+COA+CON","2015-04-08 00:00:00"
"1986","CSC + REN","2015-04-08 00:00:00"
"1987","CSC + COA + CON","2015-04-09 00:00:00"
"1988","CSC + REN","2015-04-09 00:00:00"
"1991","CSC + REN","2015-04-09 00:00:00"
"1999","CSC + REN + COA
","2015-04-14 00:00:00"
"2003","CSC + REN + COA","2015-04-16 00:00:00"
"2005","CSC+REN+COA","2015-04-17 00:00:00"
"2008","COS","2015-04-17 00:00:00"
"2009","COS","2015-04-17 00:00:00"
"2013","CSC + REN","2015-04-21 00:00:00"
"2014","CSC + REN","2015-04-21 00:00:00"
"2015","CSC + REN","2015-04-22 00:00:00"
"2032","CSC+COA+CON","2015-04-29 00:00:00"
"2036","CSC + REN","2015-05-01 00:00:00"
"2037","CSC + COA + REN","2015-05-01 00:00:00"
"2039","CSC + REN+ COA","2015-05-01 00:00:00"
"2045","CSC+REN","2015-05-04 00:00:00"
"2051","CSC +REN","2015-05-05 00:00:00"
"2054","CSC + REN","2015-05-06 00:00:00"
"2065","CSC +REN","2015-05-09 00:00:00"
"2073","CSC + REN + COA","2015-05-12 00:00:00"
"2076","CSC+REN","2015-05-13 00:00:00"
"2077","CSC+REN","2015-05-13 00:00:00"
"2078","CSC+REN","2015-05-13 00:00:00"
"2082","CSC+REN","2015-05-14 00:00:00"
"2083","CSC+REN","2015-05-14 00:00:00"
"2089","CSC + REN","2015-05-16 00:00:00"
"2093","CSC+REN","2015-05-20 00:00:00"
"2096","CSC+REN+COA","2015-05-19 00:00:00"
"2100","CSC+REN+COA","2015-05-19 00:00:00"
"2102","CSC + REN","2015-05-20 00:00:00"
"2103","CSC + REN","2015-05-20 00:00:00"
"2105","CSC","2015-05-20 00:00:00"
"2107","CSC+REN+COA","2015-05-21 00:00:00"
"2111","CSC + REN","2015-05-21 00:00:00"
"2120","CSC + REN","2015-05-23 00:00:00"
"2122","CSC+REN","2015-05-23 00:00:00"
"2127","CSC + REN","2015-05-26 00:00:00"
"2128","REN + CSC","2015-05-26 00:00:00"
"2129","REN + CSC","2015-05-26 00:00:00"
"2135","CSC+ REN","2015-05-27 00:00:00"
"2140","CSC + REN ","2015-05-27 00:00:00"
"2141","CSC+REN","2015-05-28 00:00:00"
"2143","CSC","2015-05-29 00:00:00"
"2144","CSC + REN","2015-05-30 00:00:00"
"2147","CSC + REN","2015-06-01 00:00:00"
"2153","CSC + COA","2015-06-02 00:00:00"
"2155","CSC","2015-06-10 00:00:00"
"2159","CSC + COA","2015-06-04 00:00:00"
"2160","CSC+REN","2015-06-04 00:00:00"
"2168","CSC+REN","2015-06-08 00:00:00"
"2171","CSC+REN","2015-06-09 00:00:00"
"2175","CSC + REN","2015-06-11 00:00:00"
"2176","CSC + REN","2015-06-11 00:00:00"
"2177","CSC + REN","2015-06-11 00:00:00"
"2186","CSC+ REN","2015-06-13 00:00:00"
"2187","CSC+REN+COA","2015-06-13 00:00:00"
"2189","CSC+REN","2015-06-15 00:00:00"
"2190","CSC+REN+COA                           RNT
                                                    ( M.R.B)","2015-07-06 00:00:00"
"2196","CSC+REN","2015-06-18 00:00:00"
"2199","CSC","2015-06-18 00:00:00"
"2206","CSC+REN","2015-06-23 00:00:00"
"2215","CSC+ REN","2015-06-27 00:00:00"
"2226","CSC +REN+COA","2015-07-02 00:00:00"
"2231","CSC + REN + COA","2015-07-03 00:00:00"
"2240","REN + CSC","2015-07-09 00:00:00"
"2243","REN + CSC","2015-07-10 00:00:00"
"2245","CSC+ REN","2015-07-13 00:00:00"
"2246","CSC + REN","2015-07-13 00:00:00"
"2247","CSC+ REN","2015-07-14 00:00:00"
"2248","CSC+ REN","2015-07-14 00:00:00"
"2249","CSC+REN + COA","2015-07-14 00:00:00"
"2251","CSC+REN + COA","2015-07-15 00:00:00"
"2260","CSC + REN","2015-07-18 00:00:00"
"2261","CSC + REN","2015-07-18 00:00:00"
"2262","CSC + REN","2015-07-20 00:00:00"
"2264","CSC + COA","2015-07-22 00:00:00"
"2265","CSC","2015-07-22 00:00:00"
"2268","CSC + REN","2015-07-23 00:00:00"
"2269","CSC + REN","2015-07-23 00:00:00"
"2271","CSC + REN+COA","2015-07-24 00:00:00"
"2272","CSC + REN","2015-07-24 00:00:00"
"2273","CSC + REN + COA","2015-07-24 00:00:00"
"2274","CSC + REN","2015-07-24 00:00:00"
"2277","CSC + REN","2015-07-29 00:00:00"
"2279","CSC + REN","2015-07-30 00:00:00"
"2282","CSC+REN","2015-08-03 00:00:00"
"2283","CSC+REN+COA","2015-08-04 00:00:00"
"2284","CSC","2015-08-05 00:00:00"
"2285","CSC+ REN+COA+CON","2015-08-06 00:00:00"
"2286","CSC +","2015-08-06 00:00:00"
"2299","CSC + REN","2015-08-17 00:00:00"
"2300","CSC + REN + COA","2015-08-17 00:00:00"
"2301","CSC + REN","2015-08-17 00:00:00"
"2303","CSC + REN","2015-08-17 00:00:00"
"2316","CSC","2015-08-22 00:00:00"
"2317","CSC + REN","2015-08-22 00:00:00"
"2321","CSC + REN","2015-08-22 00:00:00"
"2322","CSC+REN","2015-08-24 00:00:00"
"2326","CSC+REN+COA","2015-08-25 00:00:00"
"2327","CSC+REN","2015-08-25 00:00:00"
"2328","CSC","2015-08-25 00:00:00"
"2330","CSC","2015-08-28 00:00:00"
"2332","CSC + REN","2015-08-31 00:00:00"
"2337","CSC + REN + COA","2015-09-01 00:00:00"
"2340","CSC + REN","2015-09-01 00:00:00"
"2344","CSC + REN","2015-09-04 00:00:00"
"2347","CSC+REN","2015-09-07 00:00:00"
"2348","CSC+ REN","2015-09-07 00:00:00"
"2349","CSC","2015-09-07 00:00:00"
"2350","CSC","2015-09-07 00:00:00"
"2351","CSC+REN","2015-09-07 00:00:00"
"2352","CSC+REN","2015-09-07 00:00:00"
"2355","CSC+REN","2015-09-08 00:00:00"
"2356","CSC+REN","2015-09-08 00:00:00"
"2358","CSC+REN","2015-09-08 00:00:00"
"2359","CSC","2015-09-08 00:00:00"
"2360","CSC+REN","2015-09-08 00:00:00"
"2362","CSC+REN","2015-09-09 00:00:00"
"2363","CSC+REN","2015-09-10 00:00:00"
"2369","CSC+REN","2015-09-16 00:00:00"
"2371","CSC+REN+COA","2015-09-17 00:00:00"
"2378","CSC+REN","2015-09-23 00:00:00"
"2382","CSC+REN+COA","2015-09-26 00:00:00"
"2384","CSC+REN+COA","2015-09-26 00:00:00"
"2385","CSC+REN+COA","2015-09-26 00:00:00"
"2387","CSC+REN+CO.A","2015-09-28 00:00:00"
"2391","CSC+ REN","2015-09-29 00:00:00"
"2393","CSC+REN","2015-09-29 00:00:00"
"2394","CSC+ COA","2015-09-29 00:00:00"
"2396","CSC+REN","2015-09-30 00:00:00"
"2400","CSC+REN","2015-09-30 00:00:00"
"2402","CSC + REN + COA","2015-09-30 00:00:00"
"2403","CSC + REN","2015-09-30 00:00:00"
"2407","CSC+REN+COA","2015-10-02 00:00:00"
"2408","CSC","2015-10-03 00:00:00"
"2411","CSC+REN","2015-10-05 00:00:00"
"2413","CSC+REN+COA","2015-10-05 00:00:00"
"2417","CSC+REN","2015-10-07 00:00:00"
"2418","CSC+REN","2015-10-07 00:00:00"
"2420","CSC+REN","2015-10-07 00:00:00"
"2422","CSC+REN","2015-10-08 00:00:00"
"2424","CSC+REN","2015-10-09 00:00:00"
"2430","CSC+COA+REN","2015-10-10 00:00:00"
"2432","CSC+REN","2015-10-10 00:00:00"
"2435","CSC+REN","2015-10-12 00:00:00"
"2436","CSC+REN ( M.R.B)","2015-10-15 00:00:00"
"2443","CSC + REN","2015-10-15 00:00:00"
"2450","CSC + REN + COA","2015-10-16 00:00:00"
"2453","CSC + REN","2015-10-17 00:00:00"
"2457","CSC + REN","2015-10-19 00:00:00"
"2459","CSC","2015-10-20 00:00:00"
"2460","CSC+REN","2015-10-20 00:00:00"
"2461","CSC+REN","2015-10-20 00:00:00"
"2463","CSC + REN","2015-10-21 00:00:00"
"2473","CSC+REN","2015-10-26 00:00:00"
"2474","CSC + REN","2015-10-27 00:00:00"
"2478","CSC + REN + COA","2015-10-27 00:00:00"
"2481","CSC + REN","2015-10-27 00:00:00"
"2482","CSC + REN","2015-10-27 00:00:00"
"2484","CSC + REN  ( M.R.B)","2015-10-30 00:00:00"
"2485","CSC + COA","2015-10-28 00:00:00"
"2486","CSC + COA","2015-10-28 00:00:00"
"2492","CSC","2015-10-29 00:00:00"
"2498","CSC","2015-10-31 00:00:00"
"2500","CSC + REN","2015-10-31 00:00:00"
"2507","CSC+REN","2015-11-02 00:00:00"
"2512","CSC+REN","2015-11-03 00:00:00"
"2514","CSC+REN","2015-11-04 00:00:00"
"2517","CSC+COA+REN","2015-11-06 00:00:00"
"2520","CSC+REN","2015-11-16 00:00:00"
"2521","REN + CSC","2015-11-16 00:00:00"
"2522","CSC+COA+REN","2015-11-16 00:00:00"
"2523","CSC+COA +REN","2015-11-16 00:00:00"
"2531","CSC + REN","2015-11-16 00:00:00"
"2533","CSC+REN","2015-11-17 00:00:00"
"2536","CSC + REN","2015-11-17 00:00:00"
"2539","CSC + REN","2015-11-18 00:00:00"
"2544","CSC+REN+COA","2015-11-18 00:00:00"
"2546","CSC+REN","2015-11-18 00:00:00"
"2547","CSC + REN + COA","2015-11-19 00:00:00"
"2552","CSC+REN","2015-11-20 00:00:00"
"2554","CSC + REN","2015-11-20 00:00:00"
"2558","CSC+REN","2015-11-20 00:00:00"
"2566","CSC+REN","2015-11-23 00:00:00"
"2568","CSC+REN+COA","2015-11-24 00:00:00"
"2576","CSC+REN","2015-11-27 00:00:00"
"2578","CSC+REN","2015-11-28 00:00:00"
"2583","CSC + REN","2015-11-30 00:00:00"
"2584","CSC+REN ( M.R.B)","2015-12-03 00:00:00"
"2586","CSC + REN","2015-12-01 00:00:00"
"2587","CSC + REN","2015-12-10 00:00:00"
"2598","CSC + REN","2015-12-05 00:00:00"
"2603","CSC+REN","2015-12-08 00:00:00"
"2606","CSC+REN","2015-12-08 00:00:00"
"2607","CSC+REN+C.OA","2015-12-09 00:00:00"
"2609","CSC+REN","2015-12-09 00:00:00"
"2615","CSC+REN","2015-12-10 00:00:00"
"2618","CSC+REN","2015-12-10 00:00:00"
"2619","csc+ren+con","2015-12-10 00:00:00"
"2621","CSC+REN","2015-12-11 00:00:00"
"2628","CSC+REN +COA","2015-12-12 00:00:00"
"2629","CSC+REN","2015-12-12 00:00:00"
"2630","CSC","2015-12-14 00:00:00"
"2631","CSC+REN","2015-12-14 00:00:00"
"2632","CSC","2015-12-14 00:00:00"
"2633","CSC + REN","2015-12-14 00:00:00"
"2635","CSC+REN+COA","2015-12-15 00:00:00"
"2654","CSC+REN","2015-12-21 00:00:00"
"2656","CSC+REN","2015-12-21 00:00:00"
"2657","CSC+REN","2015-12-21 00:00:00"
"2660","CSC+REN","2015-12-23 00:00:00"
"2661","CSC+REN","2015-12-22 00:00:00"
"2663","CSC+REN+COA","2015-12-22 00:00:00"
"2670","CSC + REN ","2015-12-26 00:00:00"
"2675","CSC + REN","2015-12-28 00:00:00"
"2676","CSC + REN","2015-12-28 00:00:00"
"2678","CSC + REN","2015-12-28 00:00:00"
"2679","CSC+COA+REN","2015-12-28 00:00:00"
"2680","CSC","2015-12-28 00:00:00"
"2681","CSC+COA+REN","2015-12-28 00:00:00"
"2684","CSC + REN + COA","2015-12-29 00:00:00"
"2685","CSC  +  REN","2015-12-29 00:00:00"
"2687","CSC + REN","2015-12-29 00:00:00"
"2689","CSC+COA+CON","2015-12-29 00:00:00"
"2698","CSC+REN","2016-01-02 00:00:00"
"2699","CSC+REN","2016-01-04 00:00:00"
"2700","CSC+REN+COA","2016-01-05 00:00:00"
"2705","CSC","2016-01-06 00:00:00"
"2709","CSC+REN","2016-01-07 00:00:00"
"2713","CSC+COA","2016-01-09 00:00:00"
"2717","CSC+REN","2016-01-11 00:00:00"
"2718","CSC + REN","2016-01-11 00:00:00"
"2719","CSC + REN","2016-01-11 00:00:00"
"2720","CSC + COA (M.R.B)","2016-01-13 00:00:00"
"2725","CSC +COA","2016-01-12 00:00:00"
"2726","CSC+REN  (M.R.B)","2016-01-13 00:00:00"
"2728","CSC","2016-01-13 00:00:00"
"2730","CSC + REN","2016-01-14 00:00:00"
"2731","CSC+COA","2016-01-14 00:00:00"
"2738","CSC+REN+COA","2016-01-15 00:00:00"
"2740","CSC+REN (MRB ON 02/02/2016)","2016-02-01 00:00:00"
"2741","CSC +REN","2016-01-18 00:00:00"
"2747","CSC+REN","2016-01-18 00:00:00"
"2748","CSC+C.O.A+REN","2016-01-19 00:00:00"
"2749","CSC+REN","2016-01-19 00:00:00"
"2750","CSC","2016-01-19 00:00:00"
"2757","CSC+REN","2016-01-20 00:00:00"
"2759","CSC+REN","2016-01-21 00:00:00"
"2760","CSC+REN","2016-01-21 00:00:00"
"2761","CSC+REN","2016-01-21 00:00:00"
"2771","CSC +  REN","2016-01-27 00:00:00"
"2779","CSC+REN+C.O.A","2016-02-01 00:00:00"
"2780","CSC+REN","2016-02-01 00:00:00"
"2781","CSC+REN ","2016-02-08 00:00:00"
"2782","CSC","2016-02-01 00:00:00"
"2783","CSC+COA+REN","2016-02-01 00:00:00"
"2785","CSC+REN+COA","2016-02-02 00:00:00"
"2786","CSC+REN","2016-02-02 00:00:00"
"2787","CSC","2016-02-02 00:00:00"
"2791","CSC + REN","2016-02-03 00:00:00"
"2798","CSC + REN","2016-02-06 00:00:00"
"2800","CSC + REN + COA","2016-02-06 00:00:00"
"2802","CSC+REN","2016-02-08 00:00:00"
"2805","CSC+REN","2016-02-10 00:00:00"
"2806","CSC","2016-02-10 00:00:00"
"2808","CSC+C.O.A","2016-02-11 00:00:00"
"2810","CSC+REN","2016-02-11 00:00:00"
"2813","CSC+REN","2016-02-12 00:00:00"
"2815","CSC+REN+COA","2016-02-13 00:00:00"
"2816","CSC+REN","2016-02-15 00:00:00"
"2817","CSC + REN","2016-02-15 00:00:00"
"2819","CSC + REN","2016-02-15 00:00:00"
"2820","CSC + REN","2016-02-15 00:00:00"
"2823","CSC+REN","2016-02-16 00:00:00"
"2825","CSC + REN","2016-02-18 00:00:00"
"2826","CSC + REN","2016-02-18 00:00:00"
"2829","CSC + REN","2016-02-23 00:00:00"
"2830","CSC + COA","2016-02-18 00:00:00"
"2832","CSC+REN","2016-02-22 00:00:00"
"2833","CSC+REN","2016-02-22 00:00:00"
"2836","CSC+REN+COA","2016-02-23 00:00:00"
"2839","CSC+REN","2016-02-24 00:00:00"
"2845","CSC+REN+COA","2016-02-29 00:00:00"
"2849","CSC + REN","2016-03-01 00:00:00"
"2850","CSC+REN","2016-03-01 00:00:00"
"2851","CSC+REN","2016-03-02 00:00:00"
"2853","CSC + REN + COA","2016-03-02 00:00:00"
"2855","CSC + REN + COA","2016-03-03 00:00:00"
"2857","CSC + REN","2016-03-03 00:00:00"
"2865","RENEWAL  +  C .SC","2016-03-07 00:00:00"
"2866","CSC+REN","2016-03-14 00:00:00"
"2867","CSC+COA+CON+REN","2016-03-08 00:00:00"
"2868","REN + CSC","2016-03-10 00:00:00"
"2869","CSC + COA","2016-03-09 00:00:00"
"2870","CSC + REN","2016-03-09 00:00:00"
"2871","CSC + REN + COA","2016-03-12 00:00:00"
"2874","CSC+REN","2016-03-10 00:00:00"
"2875","CSC+REN","2016-03-10 00:00:00"
"2880","CSC+REN+COA","2016-03-11 00:00:00"
"2881","CSC+REN","2016-03-11 00:00:00"
"2886","CSC + REN","2016-03-14 00:00:00"
"2887","CSC +  REN","2016-03-14 00:00:00"
"2892","CSC+REN","2016-03-16 00:00:00"
"2893","CSC+REN","2016-03-16 00:00:00"
"2895","CSC+COA","2016-03-25 00:00:00"
"2915","RENEWAL +  CSC","2016-03-25 00:00:00"
"2917","CSC + REN","2016-03-28 00:00:00"
"2918","CSC+REN","2016-03-28 00:00:00"
"2922","CSC + REN","2016-04-01 00:00:00"
"2923","CSC + REN","2016-04-01 00:00:00"
"2931","CSC+REN","2016-04-04 00:00:00"
"2932","CSC+REN","2016-04-04 00:00:00"
"2936","CSC+REN","2016-04-04 00:00:00"
"2937","CSC+REN (M.R.B)","2016-04-08 00:00:00"
"2939","CSC","2016-04-04 00:00:00"
"2950","CSC","2016-04-09 00:00:00"
"2954","CSC+REN","2016-04-11 00:00:00"
"2955","CSC+REN+COA","2016-04-11 00:00:00"
"2958","CSC+REN (MRB)","2016-04-13 00:00:00"
"2979","CSC","2016-04-20 00:00:00"
"2981","CSC + REN +  CON","2016-04-20 00:00:00"
"2983","CSC + REN + COA","2016-04-21 00:00:00"
"2993","CSC+REN+COA","2016-04-25 00:00:00"
"2997","CSC + REN + COA","2016-04-25 00:00:00"
"3008","CSC+REN+COA","2016-05-02 00:00:00"
"3014","CSC+REN","2016-05-03 00:00:00"
"3023","CSC + REN(MRB ON 10/05/2016)","2016-05-10 00:00:00"
"3026","CSC+REN","2016-05-06 00:00:00"
"3034","CSC+REN","2016-05-09 00:00:00"
"3035","CSC + REN","2016-05-09 00:00:00"
"3036","CSC + REN","2016-05-09 00:00:00"
"3041","CSC + REN","2016-05-11 00:00:00"
"3042","CSC + REN + COA","2016-05-12 00:00:00"
"3047","CSC","2016-05-14 00:00:00"
"3048","CSC+REN","2016-05-17 00:00:00"
"3050","CSC + COA","2016-05-16 00:00:00"
"3051","CSC + REN ","2016-05-16 00:00:00"
"3060","CSC + REN","2016-05-19 00:00:00"
"3061","CSC","2016-05-19 00:00:00"
"3063","COA + CSC + REN","2016-05-19 00:00:00"
"3064","CSC + REN","2016-05-19 00:00:00"
"3071","CSC+REN","2016-05-23 00:00:00"
"3072","CSC+REN","2016-05-23 00:00:00"
"3073","CSC+REN+COA","2016-05-23 00:00:00"
"3079","CSC + REN + COA","2016-05-26 00:00:00"
"3091","CSC + REN","2016-05-31 00:00:00"
"3093","CSC + REN","2016-06-02 00:00:00"
"3109","CSC + REN","2016-06-06 00:00:00"
"3111","CSC+REN+COA","2016-06-07 00:00:00"
"3112","CSC + COA + REN","2016-06-07 00:00:00"
"3115","CSC + REN","2016-06-08 00:00:00"
"3117","CSC + COA + CON","2016-06-09 00:00:00"
"3118","CSC + COA + CON","2016-06-09 00:00:00"
"3123","CSC","2016-06-10 00:00:00"
"3124","CSC + REN (M.R.B ON 15/06/2016)","2016-06-15 00:00:00"
"3127","CSC+REN","2016-06-13 00:00:00"
"3130","CSC+REN","2016-06-13 00:00:00"
"3138","CSC+REN","2016-06-16 00:00:00"
"3139","CSC+REN","2016-06-16 00:00:00"
"3140","CSC + REN","2016-06-16 00:00:00"
"3141","CSC+COA+REN","2016-06-16 00:00:00"
"3142","CSC+REN+COA+D.O,.B","2016-06-16 00:00:00"
"3143","CSC+REN","2016-06-17 00:00:00"
"3144","CSC+REN","2016-06-17 00:00:00"
"3146","COA + CSC + REN","2016-06-18 00:00:00"
"3153","COA + CSC + REN ","2016-06-22 00:00:00"
"3154","CSC + REN (M.R.B ON 27/06/2016)
","2016-06-27 00:00:00"
"3169","CSC + REN","2016-06-28 00:00:00"
"3170","CSC + REN + COA","2016-06-28 00:00:00"
"3171","CSC + REN","2016-06-28 00:00:00"
"3172","CSC + REN ","2016-06-29 00:00:00"
"3174","CSC + REN","2016-06-30 00:00:00"
"3175","CSC + REN","2016-06-30 00:00:00"
"3181","CSC + REN  + COA","2016-07-01 00:00:00"
"3182","CSC+REN","2016-07-04 00:00:00"
"3191","CSC+REN+CON+COA","2016-07-06 00:00:00"
"3198","CSC+REN","2016-07-11 00:00:00"
"3200","CSC","2016-07-11 00:00:00"
"3203","CSC+REN","2016-07-13 00:00:00"
"3206","CSC+REN","2016-07-14 00:00:00"
"3209","CSC+REN","2016-07-14 00:00:00"
"3210","CSC+REN","2016-07-14 00:00:00"
"3211","CSC+REN","2016-07-14 00:00:00"
"3212","CSC","2016-07-15 00:00:00"
"3215","CSC+REN","2016-07-15 00:00:00"
"3218","CSC + COA + REN","2016-07-16 00:00:00"
"3220","CSC+REN","2016-07-16 00:00:00"
"3221","CSC+REN","2016-07-18 00:00:00"
"3222","CSC+REN","2016-07-18 00:00:00"
"3226","CSC+COA+CON","2016-07-19 00:00:00"
"3227","CSC+REN","2016-07-19 00:00:00"
"3228","CSC + REN","2016-07-19 00:00:00"
"3230","CSC+REN","2016-07-20 00:00:00"
"3231","CSC+REN","2016-07-20 00:00:00"
"3235","CSC+REN","2016-07-25 00:00:00"
"3236","CSC+REN+COA","2016-07-25 00:00:00"
"3240","CSC+REN","2016-07-25 00:00:00"
"3246","CSC + REN","2016-07-27 00:00:00"
"3247","CSC","2016-07-28 00:00:00"
"3248","CSC + REN","2016-07-28 00:00:00"
"3251","CSC+REN","2016-07-29 00:00:00"
"3253","CSC+REN","2016-08-01 00:00:00"
"3254","CSC+REN+COA","2016-08-01 00:00:00"
"3255","CSC ","2016-08-03 00:00:00"
"3256","CSC + REN","2016-08-04 00:00:00"
"3259","CSC + REN","2016-08-06 00:00:00"
"3262","CSC+REN","2016-08-08 00:00:00"
"3263","CSC + REN","2016-08-08 00:00:00"
"3265","CSC+REN","2016-08-10 00:00:00"
"3270","CSC + REN","2016-08-11 00:00:00"
"3272","CSC+REN+COA","2016-08-12 00:00:00"
"3273","CSC + COA + REN","2016-08-12 00:00:00"
"3275","CSC + REN","2016-08-17 00:00:00"
"3276","CSC + REN ","2016-08-16 00:00:00"
"3278","CSC + REN + COA + DOB","2016-08-16 00:00:00"
"3280","CSC + REN ","2016-08-17 00:00:00"
"3284","CSC+REN+COA","2016-08-19 00:00:00"
"3287","CSC+REN","2016-08-20 00:00:00"
"3289","CSC+REN","2016-08-22 00:00:00"
"3296","CSC+REN","2016-08-26 00:00:00"
"3297","CSC + REN","2016-08-26 00:00:00"
"3301","CSC","2016-08-29 00:00:00"
"3305","CSC+REN","2016-09-01 00:00:00"
"3306","CSC+REN+COA","2016-09-01 00:00:00"
"3307","CSC+REN+COA","2016-09-01 00:00:00"
"3310","CSC+REN+COA+CON+COS","2016-09-02 00:00:00"
"3311","CSC + REN","2016-09-06 00:00:00"
"3312","CSC + REN","2016-09-03 00:00:00"
"3315","CSC+REN","2016-09-06 00:00:00"
"3317","CSC+REN","2016-09-06 00:00:00"
"3318","CSC + REN ","2016-09-10 00:00:00"
"3326","CSC+REN","2016-09-13 00:00:00"
"3327","CSC+REN","2016-09-13 00:00:00"
"3329","CSC+REN","2016-09-14 00:00:00"
"3331","CSC+REN","2016-09-16 00:00:00"
"3335","CSC+REN","2016-09-19 00:00:00"
"3336","CSC+REN","2016-09-20 00:00:00"
"3337","CSC+REN","2016-09-21 00:00:00"
"3345","CSC+REN+COA","2016-09-27 00:00:00"
"3349","CSC + REN","2016-09-29 00:00:00"
"3350","CSC + REN","2016-09-29 00:00:00"
"3353","CSC+REN","2016-10-01 00:00:00"
"3358","CSC+REN+COA","2016-10-05 00:00:00"
"3378","CSC + REN","2016-10-13 00:00:00"
"3379","CSC+REN+COA","2016-10-14 00:00:00"
"3380","CSC+REN","2016-10-14 00:00:00"
"3381","CSC+REN","2016-10-14 00:00:00"
"3382","CSC+REN","2016-10-14 00:00:00"
"3388","CSC+REN","2016-10-15 00:00:00"
"3394","CSC+REN","2016-10-19 00:00:00"
"3400","CSC+REN","2016-10-24 00:00:00"
"3407","CSC + REN","2016-10-27 00:00:00"
"3408","CSC+REN","2016-10-27 00:00:00"
"3409","CSC+REN","2016-10-27 00:00:00"
"3410","CSC","2016-11-01 00:00:00"
"3432","CSC + REN ","2016-11-14 00:00:00"
"3434","CSC+REN","2016-11-15 00:00:00"
"3435","CSC+REN","2016-11-15 00:00:00"
"3438","CSC+COA+REN","2016-11-16 00:00:00"
"3439","CSC+COA","2016-11-17 00:00:00"
"3442","CSC + REN","2016-11-18 00:00:00"
"3448","CSC+REN","2016-11-21 00:00:00"
"3451","CSC+COA","2016-11-22 00:00:00"
"3460","CSC+REN","2016-11-23 00:00:00"
"3461","CSC+REN","2016-11-23 00:00:00"
"3462","CSC+REN","2016-11-24 00:00:00"
"3478","CSC+REN","2016-12-01 00:00:00"
"3479","CSC+REN","2016-12-01 00:00:00"
"3493","CSC+REN","2016-12-06 00:00:00"
"3496","CSC+REN+COA","2016-12-07 00:00:00"
"3499","CSC+REN","2016-12-08 00:00:00"
"3512","CSC+REN","2016-12-13 00:00:00"
"3516","CSC+ REN","2016-12-15 00:00:00"
"3518","CSC+REN+ CON","2016-12-14 00:00:00"
"3520","CSC+REN+COA","2016-12-16 00:00:00"
"3526","CSC+REN","2016-12-19 00:00:00"
"3549","CSC+REN","2016-12-28 00:00:00"
"3552","CSC+REN","2017-01-04 00:00:00"
"3555","CSC+CON+COS","2017-01-03 00:00:00"
"3557","CSC + REN","2017-01-05 00:00:00"
"3558","CSC + REN","2017-01-05 00:00:00"
"3559","CSC + REN","2017-01-05 00:00:00"
"3566","CSC+REN","2017-01-11 00:00:00"
"3572","CSC+COA","2017-01-13 00:00:00"
"3574","CSC + REN ","2017-01-16 00:00:00"
"3577","CSC+REN+COA","2017-01-17 00:00:00"
"3579","CSC+REN","2017-01-18 00:00:00"
"3589","CSC+REN","2017-01-24 00:00:00"
"3605","CSC RENEWAL+","2017-02-11 00:00:00"
"3610","CSC","2017-02-14 00:00:00"
"3622","CSC","2017-03-02 00:00:00"
"3623","CSC+REN","2017-03-03 00:00:00"
"3626","CSC + REN","2017-03-08 00:00:00"
"3629","CSC","2017-03-22 00:00:00"
"3630","CSC+REN","2017-03-15 00:00:00"
"3636","CSC + REN","2017-03-17 00:00:00"
"3637","CSC+REN","2017-03-18 00:00:00"
"3642","CSC+REN","2017-03-21 00:00:00"
"3649","CSC+REN","2017-03-24 00:00:00"
"3656","CSC + REN","2017-04-03 00:00:00"
"3671","CSC+REN","2017-04-13 00:00:00"
"3673","CSC + REN","2017-04-17 00:00:00"
"3675","CSC + REN","2017-04-19 00:00:00"
"3676","CSC + REN","2017-04-19 00:00:00"
"3680","CSC + REN","2017-04-20 00:00:00"
"3683","CSC+REN","2017-04-22 00:00:00"
"3691","CSC + REN","2017-04-28 00:00:00"
"3699","CSC + REN ","2017-05-04 00:00:00"
"3702","CSC+REN","2017-05-05 00:00:00"
"3704","CSC+REN","2017-05-08 00:00:00"
"3705","CSC+REN","2017-05-09 00:00:00"
"3718","CSC+REN","2017-05-18 00:00:00"
"3724","CSC + REN","2017-05-23 00:00:00"
"3725","CSC + REN","2017-05-23 00:00:00"
"3727","CSC + COA","2017-05-24 00:00:00"
"3729","CSC + REN","2017-05-24 00:00:00"
"3730","CSC + REN","2017-05-24 00:00:00"
"3731","CSC + REN + COA","2017-06-09 00:00:00"
"3742","CSC + REN","2017-05-29 00:00:00"
"3749","CSC + REN + COA","2017-05-31 00:00:00"
"3761","CSC + REN","2017-06-08 00:00:00"
"3766","CSC=REN+COA","2017-06-10 00:00:00"
"3773","CSC+REN","2017-06-13 00:00:00"
"3778","CSC+REN","2017-06-16 00:00:00"
"3781","CSC","2017-06-17 00:00:00"
"3788","CSC + REN + COA","2017-06-22 00:00:00"
"3790","CSC+REN","2017-06-23 00:00:00"
"3799","CSC + REN + COA","2017-06-29 00:00:00"
"3805","CSC + REN","2017-07-04 00:00:00"
"3815","CSC + REN + COA","2017-07-08 00:00:00"
"3819","CSC + REN","2017-07-08 00:00:00"
"3821","CSC + REN","2017-07-12 00:00:00"
"3827","CSC + REN + COA","2017-07-20 00:00:00"
"3828","CSC ","2017-07-24 00:00:00"
"3834","CSC + COA","2017-07-29 00:00:00"
"3835","REN","2017-07-29 00:00:00"
"3836","REN","2017-07-29 00:00:00"
"3847","CSC + REN ","2017-08-10 00:00:00"
"3852","CSC + REN","2017-08-11 00:00:00"
"3853","CSC + REN","2017-08-11 00:00:00"
"3854","CSC + REN + COA","2017-08-16 00:00:00"
"3861","CSC ","2017-09-27 00:00:00"
"3882","CSC+REN+CON","2017-10-02 00:00:00"
"3884","CSC+REN","2017-10-02 00:00:00"
"3888","CSC + REN","2017-10-03 00:00:00"
"3889","csc","2017-10-04 00:00:00"
"3892","CSC","2017-10-06 00:00:00"
"3893","COA + CSC + REN","2017-10-07 00:00:00"
"3900","CSC + REN","2017-10-11 00:00:00"
"3918","CSC + REN","2017-10-25 00:00:00"
"3921","CSC+REN","2017-10-28 00:00:00"
"3924","CSC + REN","2017-10-31 00:00:00"
"3929","CSC + REN ","2017-11-08 00:00:00"
"3932","CSC + REN ","2017-11-09 00:00:00"
"3954","CSC+REN","2017-12-01 00:00:00"
"3959","CSC + REN","2017-12-06 00:00:00"
"3960","CSC+REN","2017-12-07 00:00:00"
"3965","CSC  + COA","2017-12-13 00:00:00"
"3970","CSC+REN","2017-12-19 00:00:00"
"3974","CSC  + REN","2017-12-21 00:00:00"
"3981","CSC+REN","2017-12-25 00:00:00"
"3993","CSC +REN","2018-01-04 00:00:00"
"3997","CSC + REN + COA","2018-01-05 00:00:00"
"4000","CSC + COA","2018-01-06 00:00:00"
"4001","CSC + REN","2018-01-06 00:00:00"
"4002","CSC + REN","2018-01-06 00:00:00"
"4003","CSC + REN","2018-01-06 00:00:00"
"4014","CSC + REN","2018-01-12 00:00:00"
"4026","CSC + COA","2018-01-30 00:00:00"
"4031","CSC + REN + COA","2018-02-06 00:00:00"
"4038","CSC + REN + COA","2018-02-13 00:00:00"
"4048","CSC + REN","2018-02-13 00:00:00"
"4052","CSC + REN","2018-02-15 00:00:00"
"4055","CSC+REN","2018-02-16 00:00:00"
"4058","CSC+COA+REN","2018-02-19 00:00:00"
"4060","CSC","2018-02-20 00:00:00"
"4063","CSC","2018-02-22 00:00:00"
"4069","RENEWAL + CSC","2018-02-24 00:00:00"
"4070","RENEWAL + CSC + COA","2018-02-24 00:00:00"
"4071","RENEWAL + CSC","2018-02-24 00:00:00"
"4074","REN + CSC ","2018-03-03 00:00:00"
"4101","RENEWAL","2018-03-13 00:00:00"
"4107","CSC","2018-03-15 00:00:00"
"4134","CSC","2018-03-29 00:00:00"
"4138","CSC","2018-03-31 00:00:00"
"4143","CSC+ REN + COA","2018-04-09 00:00:00"
"4146","RENEWAL","2018-04-09 00:00:00"
"4149","CSC + COA + CON","2018-04-11 00:00:00"
"4150","CSC + COA","2018-04-11 00:00:00"
"4157","CSC","2018-04-20 00:00:00"
"4158","CSC","2018-04-16 00:00:00"
"4159","CSC","2018-04-16 00:00:00"
"4162","CSC + COA + REN","2018-04-19 00:00:00"
"4164","CSC + REN","2018-04-21 00:00:00"
"4174","RENEWAL","2018-04-30 00:00:00"
"4178","CSC+COA+CON","2018-05-03 00:00:00"
"4181","CSC+REN","2018-05-04 00:00:00"
"4182","CSC+REN","2018-05-04 00:00:00"
"4189","CSC","2018-05-09 00:00:00"
"4191","CSC+REN","2018-05-11 00:00:00"
"4196","CSC","2018-05-14 00:00:00"
"4199","RENEWAL","2018-05-15 00:00:00"
"4204","CSC+COA","2018-05-17 00:00:00"
"4214","CSC+REN","2018-05-21 00:00:00"
"4221","CSC + CON + COA","2018-05-23 00:00:00"
"4226","REN + CSC","2018-05-26 00:00:00"
"4232","CSC+REN","2018-05-29 00:00:00"
"4246","CSC+REN","2018-06-05 00:00:00"
"4247","CSC","2018-06-06 00:00:00"
"4258","CSC+COA","2018-06-15 00:00:00"
"4259","CSC","2018-06-15 00:00:00"
"4266","CSC + REN","2018-06-19 00:00:00"
"4267","CSC + REN ","2018-06-20 00:00:00"
"4269","CSC","2018-06-22 00:00:00"
"4270","CSC+CON+COS+COA","2018-06-22 00:00:00"
"4271","CSC","2018-06-22 00:00:00"
"4275","CSC","2018-06-27 00:00:00"
"4276","CSC + REN","2018-06-30 00:00:00"
"4285","CSC + REN + COA","2018-07-11 00:00:00"
"4288","CSC + REN","2018-07-11 00:00:00"
"4295","CSC + REN ","2018-07-13 00:00:00"
"4302","CSC + REN + CON+COS","2018-07-19 00:00:00"
"4310","CSC","2018-07-24 00:00:00"
"4320","CSC + LATE REN","2018-08-03 00:00:00"
"4327","CSC + REN","2018-08-06 00:00:00"
"4328","CSC + REN ","2018-08-06 00:00:00"
"4333","CSC+REN","2018-08-09 00:00:00"
"4345","REN + CSC","2018-08-18 00:00:00"
"4351","CSC+REN","2018-08-27 00:00:00"
"4362","CSC+REN","2018-09-01 00:00:00"
"4363","CSC + REN","2018-09-04 00:00:00"
"4372","CSC","2018-09-17 00:00:00"
"4373","CSC+REN","2018-09-24 00:00:00"
"4375","CSC+REN","2018-09-26 00:00:00"
"4376","CSC+REN","2018-09-26 00:00:00"
"4377","CSC+REN","2018-09-26 00:00:00"
"4378","CSC+REN","2018-11-02 00:00:00"
"4389","CSC + REN","2018-10-02 00:00:00"
"4392","CSC+REN","2018-10-04 00:00:00"
"4403","CSC + COA ","2018-10-19 00:00:00"
"4414","CSC + COA + CON + REN","2018-10-27 00:00:00"
"4422","CSC+REN","2018-11-10 00:00:00"
"4425","CSC+REN","2018-11-12 00:00:00"
"4426","CSC + REN","2018-11-12 00:00:00"
"4427","CSC + REN","2019-01-03 00:00:00"
"4428","CSC + REN","2018-11-13 00:00:00"
"4440","CSC + REN","2018-11-19 00:00:00"
"4447","CSC + REN","2018-11-25 00:00:00"
"4448","CSC + REN","2018-11-25 00:00:00"
"4450","CSC+COA+REN","2018-11-26 00:00:00"
"4456","CSC + REN ","2018-11-28 00:00:00"
"4457","CSC + REN","2018-11-28 00:00:00"
"4458","CSC+REN","2018-11-29 00:00:00"
"4461","CSC + REN + COA","2018-12-05 00:00:00"
"4466","CSC+REN+COA","2018-12-12 00:00:00"
"4467","CSC+REN","2019-01-19 00:00:00"
"4481","CSC+REN","2018-12-20 00:00:00"
"4483","CSC + REN + COA","2018-12-21 00:00:00"
"4484","CSC + REN + COA","2018-12-22 00:00:00"
"4489","CSC + REN + COA","2018-12-25 00:00:00"
"4491","CSC + REN","2018-12-25 00:00:00"
"4500","CSC + REN","2018-12-31 00:00:00"
"4508","CSC","2019-01-07 00:00:00"
"4509","CSC + COA + CON + COS","2019-01-07 00:00:00"
"4510","CSC + REN","2019-01-08 00:00:00"
"4511","CSC+REN","2019-01-08 00:00:00"
"4515","CSC+REN","2019-01-09 00:00:00"
"4522","CSC+REN","2019-01-15 00:00:00"
"4523","CSC","2019-01-15 00:00:00"
"4524","CSC","2019-01-15 00:00:00"
"4526","CSC+ REN + COA","2019-01-18 00:00:00"
"4530","CSC","2019-01-22 00:00:00"
"4531","CSC","2019-01-22 00:00:00"
"4534","CSC+REN","2019-01-24 00:00:00"
"4542","CSC+REN","2019-01-31 00:00:00"
"4550","CSC + COA","2019-02-06 00:00:00"
"4554","CSC+CON+COA","2019-02-06 00:00:00"
"4559","CSC + REN","2019-02-09 00:00:00"
"4561","CSC+REN","2019-02-11 00:00:00"
"4562","CSC+REN","2019-02-11 00:00:00"
"4563","CSC+REN","2019-02-11 00:00:00"
"4577","CSC + REN","2019-02-26 00:00:00"
"4583","CSC +REN","2019-03-14 00:00:00"
"4584","CSC+REN","2019-03-21 00:00:00"
"4587","CSC + REN","2019-03-19 00:00:00"
"4588","CSC + REN","2019-03-19 00:00:00"
"4592","CSC+REN","2019-03-26 00:00:00"
"4593","CSC+REN","2019-03-26 00:00:00"
"4603","CSC + REN","2019-04-03 00:00:00"
"4609","CSC + REN","2019-04-08 00:00:00"
"4611","CSC + REN + COA","2019-04-20 00:00:00"
"4615","CSC + REN","2019-04-10 00:00:00"
"4617","CSC+REN","2019-04-13 00:00:00"
"4619","CSC + REN + COA","2019-04-16 00:00:00"
"4628","CSC + REN","2019-04-20 00:00:00"
"4645","CSC + REN","2019-05-04 00:00:00"
"4646","CSC+REN","2019-05-05 00:00:00"
"4649","CSC + REN","2019-05-08 00:00:00"
"4650","CSC + REN + COA","2019-05-09 00:00:00"
"4651","CSC+REN+COA+CON","2019-05-13 00:00:00"
"4655","CSC","2019-05-15 00:00:00"
"4656","CSC","2019-05-15 00:00:00"
"4665","CSC","2019-05-24 00:00:00"
"4671","CSC","2019-05-30 00:00:00"
"4675","CSC + REN","2019-06-03 00:00:00"
"4678","CSC + REN","2019-06-03 00:00:00"
"4691","CSC + REN","2019-06-12 00:00:00"
"4703","CSC","2019-06-19 00:00:00"
"4713","CSC+REN+COA","2019-06-24 00:00:00"
"4718","REN + COA + CSC","2019-06-25 00:00:00"
"4719","CSC","2019-06-25 00:00:00"
"4726","CSC+REN","2019-07-10 00:00:00"
"4727","CSC+REN","2019-07-10 00:00:00"
"4730","CSC+REN","2019-07-12 00:00:00"
"4731","CSC + COA","2019-07-12 00:00:00"
"4732","CSC + REN","2019-07-12 00:00:00"
"4745","CSC + COA","2019-07-27 00:00:00"
"4749","CSC + REN + COA","2019-08-01 00:00:00"
"4753","CSC + REN","2019-08-03 00:00:00"
"4754","CSC + REN","2019-08-06 00:00:00"
"4755","CSC ","2019-08-06 00:00:00"
"4757","CSC + REN","2019-08-13 00:00:00"
"4770","CSC + REN + COA","2019-09-11 00:00:00"
"4771","CSC + REN","2019-09-11 00:00:00"
"4772","CSC+REN","2019-09-12 00:00:00"
"4773","CSC+REN","2019-09-12 00:00:00"
"4779","CSC+REN","2019-09-20 00:00:00"
"4786","CSC + COA + REN","2019-09-26 00:00:00"
"4791","CSC","2019-10-03 00:00:00"
"4797","CSC+REN","2019-10-27 00:00:00"
"4801","CSC+ REN + COA ","2019-10-27 00:00:00"
"4813","CSC + REN","2019-10-21 00:00:00"
"4815","CSC+REN","2019-10-22 00:00:00"
"4816","CSC+REN","2019-10-22 00:00:00"
"4818","CSC + REN","2019-10-26 00:00:00"
"4827","CSC+REN","2019-11-03 00:00:00"
"4836","CSC+REN","2019-11-12 00:00:00"
"4842","REN + COA + CSC","2019-11-12 00:00:00"
"4848","CSC + REN","2019-11-21 00:00:00"
"4852","CSC + REN + COA","2019-11-25 00:00:00"
"4863","CSC + REN","2019-12-02 00:00:00"
"4866","CSC","2019-12-04 00:00:00"
"4874","CSC + REN + CON","2019-12-12 00:00:00"
"4888","CSC+REN+CON","2019-12-25 00:00:00"
"4899","CSC + REN","2020-01-09 00:00:00"
"4901","CSC + REN","2020-01-09 00:00:00"
"4906","CSC+REN","2020-01-16 00:00:00"
"4907","REN + CSC ","2020-01-20 00:00:00"
"4914","CSC","2020-01-28 00:00:00"
"4915","CSC","2020-01-28 00:00:00"
"4916","CSC + REN + COA","2020-01-31 00:00:00"
"4925","CSC + REN","2020-02-10 00:00:00"
"4926","CSC + REN","2020-02-10 00:00:00"
"4927","REVALID","2020-02-10 00:00:00"
"4928","CSC + REN","2020-02-12 00:00:00"
"4931","CSC + REN","2020-02-18 00:00:00"
"4989","CSC + REN","2020-07-22 00:00:00"
"5015","CSC + COA + CON + COS","2020-08-25 00:00:00"
"5033","CSC + NOC","2020-09-08 00:00:00"
"5044","CSC + REN","2020-09-14 00:00:00"
"5046","CSC + REN","2020-09-15 00:00:00"
"5050","CSC + REN","2020-10-13 00:00:00"
"5055","CSC + REN","2020-09-29 00:00:00"
"5058","CSC + REN","2020-10-03 00:00:00"
"5072","CSC+REN","2020-10-12 00:00:00"
"5116","CSC + COA","2020-11-18 00:00:00"
"5118","REN","2021-02-23 00:00:00"
"5120","CSC+REN","2020-11-20 00:00:00"
"5121","CSC + REN","2020-11-20 00:00:00"
"5131","CSC + REN","2020-12-01 00:00:00"
"5136","CSC","2020-12-05 00:00:00"
"5140","CSC + REN","2020-12-10 00:00:00"
"5143","CSC + REN + COA","2020-12-12 00:00:00"
"5147","CSC+REN","2020-12-16 00:00:00"
"5181","CSC + REN","2021-01-07 00:00:00"
"5190","APPL: 135152921","2021-01-09 00:00:00"
"5199","CSC + COA","2021-01-15 00:00:00"
"5216","CSC + REN","2021-01-20 00:00:00"
"5248","REN + CON + COS","2021-02-09 00:00:00"
"5260","CSC","2021-02-15 00:00:00"
"5268","CSC+ REN + COA","2021-02-20 00:00:00"
"5276","CSC","2021-02-25 00:00:00"
"5294","CSC + REN","2021-03-13 00:00:00"
"5300","CSC","2021-03-22 00:00:00"
"5311","CSC + REN","2021-04-01 00:00:00"
"5312","CSC + REN","2021-04-03 00:00:00"
"5313","CSC + REN","2021-04-03 00:00:00"
"5318","CSC+COA+CON+REN","2021-05-10 00:00:00"
"5321","CSC+REN+COA","2021-05-18 00:00:00"
"5325","CSC","2021-06-03 00:00:00"
"5326","CSC+REN","2021-06-03 00:00:00"
"5338","CSC+REN","2021-06-24 00:00:00"
"5339","CSC+REN","2021-06-24 00:00:00"
"5368","CSC + REN","2021-07-31 00:00:00"
"5375","CSC + REN","2021-08-05 00:00:00"
"5377","CSC + REN","2021-08-11 00:00:00"
"5384","CSC + REN","2021-08-17 00:00:00"
"5391","CSC + COA + REN","2021-08-25 00:00:00"
"5412","CSC + REN","2021-09-21 00:00:00"
"5417","CSC + REN","2021-09-28 00:00:00"
"5419","CSC + COA + REN","2021-09-29 00:00:00"
"5475","CSC","2021-11-13 00:00:00"
"5486","CSC + REN ","2021-11-24 00:00:00"
"5497","CSC","2021-12-11 00:00:00"
"5545","CSC","2022-01-29 00:00:00"
"5556","CSC + REN","2022-02-21 00:00:00"
"5574","CSC + REN ","2022-03-02 00:00:00"
"5596","CSC + COA + REN","2022-04-20 00:00:00"
"5638","CSC + REN ","2022-06-01 00:00:00"
"5676","CSC + REN","2022-07-18 00:00:00"
"5690","CSC + REN","2022-08-01 00:00:00"
"5726","CSC + COA + REN","2022-09-22 00:00:00"
"5727","CSC","2022-09-26 00:00:00"
"5736","CSC ","2022-10-10 00:00:00"
"5756","CSC+COA","2022-11-08 00:00:00"
"5764","CSC","2022-11-18 00:00:00"
"5775","REN + COA","2022-11-28 00:00:00"
"5777","CSC","2022-11-30 00:00:00"
"5780","CSC ","2022-12-02 00:00:00"
"5796","CSC","2022-12-15 00:00:00"
"5803","CSC + REN ","2022-12-24 00:00:00"
"6123","CSC+REN","2024-04-06 00:00:00"
